<?xml version="1.0" encoding="UTF-8"?>
<project-private xmlns="http://www.netbeans.org/ns/project-private/1">
    <editor-bookmarks xmlns="http://www.netbeans.org/ns/editor-bookmarks/2" lastBookmarkId="0"/>
    <open-files xmlns="http://www.netbeans.org/ns/projectui-open-files/2">
        <group>
            <file>file:/home/elrafa/Vídeos/Lembredio/src/lembredio/CadastroInternal.java</file>
            <file>file:/home/elrafa/Vídeos/Lembredio/src/lembredio/MedicoInterface.java</file>
            <file>file:/home/elrafa/Vídeos/Lembredio/src/lembredio/Pessoa.java</file>
            <file>file:/home/elrafa/Vídeos/Lembredio/src/lembredio/FarmaceuticoInterface.java</file>
            <file>file:/home/elrafa/Vídeos/Lembredio/src/lembredio/LoginInterface.java</file>
            <file>file:/home/elrafa/Vídeos/Lembredio/src/lembredio/Login.java</file>
        </group>
    </open-files>
</project-private>
